Region,AccessFrequency,Performance,Redundancy,PricePerGB
australiacentral,Hot Tier,Premium SSD,LRS,0.218
australiacentral,Hot Tier,Premium SSD,GRS,
australiacentral,Hot Tier,Premium SSD,ZRS,
australiacentral,Hot Tier,Standard SSD,LRS,0.02
australiacentral,Hot Tier,Standard SSD,GRS,0.04
australiacentral,Hot Tier,Standard SSD,ZRS,
australiacentral,Cold Tier,Premium SSD,LRS,
australiacentral,Cold Tier,Premium SSD,GRS,
australiacentral,Cold Tier,Premium SSD,ZRS,
australiacentral,Cold Tier,Standard SSD,LRS,0.0045
australiacentral,Cold Tier,Standard SSD,GRS,0.009
australiacentral,Cold Tier,Standard SSD,ZRS,
australiacentral,Archive Tier,Premium SSD,LRS,
australiacentral,Archive Tier,Premium SSD,GRS,
australiacentral,Archive Tier,Premium SSD,ZRS,
australiacentral,Archive Tier,Standard SSD,LRS,0.00326
australiacentral,Archive Tier,Standard SSD,GRS,0.00826
australiacentral,Archive Tier,Standard SSD,ZRS,
australiacentral2,Hot Tier,Premium SSD,LRS,0.2175
australiacentral2,Hot Tier,Premium SSD,GRS,
australiacentral2,Hot Tier,Premium SSD,ZRS,
australiacentral2,Hot Tier,Standard SSD,LRS,0.02
australiacentral2,Hot Tier,Standard SSD,GRS,0.04
australiacentral2,Hot Tier,Standard SSD,ZRS,
australiacentral2,Cold Tier,Premium SSD,LRS,
australiacentral2,Cold Tier,Premium SSD,GRS,
australiacentral2,Cold Tier,Premium SSD,ZRS,
australiacentral2,Cold Tier,Standard SSD,LRS,0.0045
australiacentral2,Cold Tier,Standard SSD,GRS,0.009
australiacentral2,Cold Tier,Standard SSD,ZRS,
australiacentral2,Archive Tier,Premium SSD,LRS,
australiacentral2,Archive Tier,Premium SSD,GRS,
australiacentral2,Archive Tier,Premium SSD,ZRS,
australiacentral2,Archive Tier,Standard SSD,LRS,0.005
australiacentral2,Archive Tier,Standard SSD,GRS,0.00826
australiacentral2,Archive Tier,Standard SSD,ZRS,
australiaeast,Hot Tier,Premium SSD,LRS,0.218
australiaeast,Hot Tier,Premium SSD,GRS,
australiaeast,Hot Tier,Premium SSD,ZRS,0.289
australiaeast,Hot Tier,Standard SSD,LRS,0.02
australiaeast,Hot Tier,Standard SSD,GRS,0.04
australiaeast,Hot Tier,Standard SSD,ZRS,0.025
australiaeast,Cold Tier,Premium SSD,LRS,
australiaeast,Cold Tier,Premium SSD,GRS,
australiaeast,Cold Tier,Premium SSD,ZRS,
australiaeast,Cold Tier,Standard SSD,LRS,0.0045
australiaeast,Cold Tier,Standard SSD,GRS,0.00954
australiaeast,Cold Tier,Standard SSD,ZRS,0.005
australiaeast,Archive Tier,Premium SSD,LRS,
australiaeast,Archive Tier,Premium SSD,GRS,
australiaeast,Archive Tier,Premium SSD,ZRS,
australiaeast,Archive Tier,Standard SSD,LRS,0.002
australiaeast,Archive Tier,Standard SSD,GRS,0.0049
australiaeast,Archive Tier,Standard SSD,ZRS,
australiasoutheast,Hot Tier,Premium SSD,LRS,0.218
australiasoutheast,Hot Tier,Premium SSD,GRS,
australiasoutheast,Hot Tier,Premium SSD,ZRS,
australiasoutheast,Hot Tier,Standard SSD,LRS,0.02
australiasoutheast,Hot Tier,Standard SSD,GRS,0.04
australiasoutheast,Hot Tier,Standard SSD,ZRS,
australiasoutheast,Cold Tier,Premium SSD,LRS,
australiasoutheast,Cold Tier,Premium SSD,GRS,
australiasoutheast,Cold Tier,Premium SSD,ZRS,
australiasoutheast,Cold Tier,Standard SSD,LRS,0.00504
australiasoutheast,Cold Tier,Standard SSD,GRS,0.00954
australiasoutheast,Cold Tier,Standard SSD,ZRS,
australiasoutheast,Archive Tier,Premium SSD,LRS,
australiasoutheast,Archive Tier,Premium SSD,GRS,
australiasoutheast,Archive Tier,Premium SSD,ZRS,
australiasoutheast,Archive Tier,Standard SSD,LRS,0.0029
australiasoutheast,Archive Tier,Standard SSD,GRS,0.0049
australiasoutheast,Archive Tier,Standard SSD,ZRS,
austriaeast,Hot Tier,Premium SSD,LRS,0.195
austriaeast,Hot Tier,Premium SSD,GRS,
austriaeast,Hot Tier,Premium SSD,ZRS,0.259
austriaeast,Hot Tier,Standard SSD,LRS,0.0196
austriaeast,Hot Tier,Standard SSD,GRS,
austriaeast,Hot Tier,Standard SSD,ZRS,0.024
austriaeast,Cold Tier,Premium SSD,LRS,
austriaeast,Cold Tier,Premium SSD,GRS,
austriaeast,Cold Tier,Premium SSD,ZRS,
austriaeast,Cold Tier,Standard SSD,LRS,0.0045
austriaeast,Cold Tier,Standard SSD,GRS,
austriaeast,Cold Tier,Standard SSD,ZRS,0.005
austriaeast,Archive Tier,Premium SSD,LRS,
austriaeast,Archive Tier,Premium SSD,GRS,
austriaeast,Archive Tier,Premium SSD,ZRS,
austriaeast,Archive Tier,Standard SSD,LRS,
austriaeast,Archive Tier,Standard SSD,GRS,
austriaeast,Archive Tier,Standard SSD,ZRS,
belgiumcentral,Hot Tier,Premium SSD,LRS,0.195
belgiumcentral,Hot Tier,Premium SSD,GRS,
belgiumcentral,Hot Tier,Premium SSD,ZRS,0.259
belgiumcentral,Hot Tier,Standard SSD,LRS,0.0196
belgiumcentral,Hot Tier,Standard SSD,GRS,
belgiumcentral,Hot Tier,Standard SSD,ZRS,0.024
belgiumcentral,Cold Tier,Premium SSD,LRS,
belgiumcentral,Cold Tier,Premium SSD,GRS,
belgiumcentral,Cold Tier,Premium SSD,ZRS,
belgiumcentral,Cold Tier,Standard SSD,LRS,0.0045
belgiumcentral,Cold Tier,Standard SSD,GRS,
belgiumcentral,Cold Tier,Standard SSD,ZRS,0.005
belgiumcentral,Archive Tier,Premium SSD,LRS,
belgiumcentral,Archive Tier,Premium SSD,GRS,
belgiumcentral,Archive Tier,Premium SSD,ZRS,
belgiumcentral,Archive Tier,Standard SSD,LRS,
belgiumcentral,Archive Tier,Standard SSD,GRS,
belgiumcentral,Archive Tier,Standard SSD,ZRS,
brazilsouth,Hot Tier,Premium SSD,LRS,0.3
brazilsouth,Hot Tier,Premium SSD,GRS,
brazilsouth,Hot Tier,Premium SSD,ZRS,0.399
brazilsouth,Hot Tier,Standard SSD,LRS,0.0326
brazilsouth,Hot Tier,Standard SSD,GRS,0.0652
brazilsouth,Hot Tier,Standard SSD,ZRS,0.04075
brazilsouth,Cold Tier,Premium SSD,LRS,
brazilsouth,Cold Tier,Premium SSD,GRS,
brazilsouth,Cold Tier,Premium SSD,ZRS,
brazilsouth,Cold Tier,Standard SSD,LRS,0.00747
brazilsouth,Cold Tier,Standard SSD,GRS,0.0118
brazilsouth,Cold Tier,Standard SSD,ZRS,0.0083
brazilsouth,Archive Tier,Premium SSD,LRS,
brazilsouth,Archive Tier,Premium SSD,GRS,
brazilsouth,Archive Tier,Premium SSD,ZRS,
brazilsouth,Archive Tier,Standard SSD,LRS,0.0032
brazilsouth,Archive Tier,Standard SSD,GRS,0.0056
brazilsouth,Archive Tier,Standard SSD,ZRS,
brazilsoutheast,Hot Tier,Premium SSD,LRS,0.39
brazilsoutheast,Hot Tier,Premium SSD,GRS,
brazilsoutheast,Hot Tier,Premium SSD,ZRS,
brazilsoutheast,Hot Tier,Standard SSD,LRS,0.04238
brazilsoutheast,Hot Tier,Standard SSD,GRS,0.07498
brazilsoutheast,Hot Tier,Standard SSD,ZRS,
brazilsoutheast,Cold Tier,Premium SSD,LRS,
brazilsoutheast,Cold Tier,Premium SSD,GRS,
brazilsoutheast,Cold Tier,Premium SSD,ZRS,
brazilsoutheast,Cold Tier,Standard SSD,LRS,0.00971
brazilsoutheast,Cold Tier,Standard SSD,GRS,0.0172
brazilsoutheast,Cold Tier,Standard SSD,ZRS,
brazilsoutheast,Archive Tier,Premium SSD,LRS,
brazilsoutheast,Archive Tier,Premium SSD,GRS,
brazilsoutheast,Archive Tier,Premium SSD,ZRS,
brazilsoutheast,Archive Tier,Standard SSD,LRS,
brazilsoutheast,Archive Tier,Standard SSD,GRS,
brazilsoutheast,Archive Tier,Standard SSD,ZRS,
canadacentral,Hot Tier,Premium SSD,LRS,0.18
canadacentral,Hot Tier,Premium SSD,GRS,
canadacentral,Hot Tier,Premium SSD,ZRS,0.24
canadacentral,Hot Tier,Standard SSD,LRS,0.02
canadacentral,Hot Tier,Standard SSD,GRS,0.04
canadacentral,Hot Tier,Standard SSD,ZRS,0.025
canadacentral,Cold Tier,Premium SSD,LRS,
canadacentral,Cold Tier,Premium SSD,GRS,
canadacentral,Cold Tier,Premium SSD,ZRS,
canadacentral,Cold Tier,Standard SSD,LRS,0.0045
canadacentral,Cold Tier,Standard SSD,GRS,0.009
canadacentral,Cold Tier,Standard SSD,ZRS,0.005
canadacentral,Archive Tier,Premium SSD,LRS,
canadacentral,Archive Tier,Premium SSD,GRS,
canadacentral,Archive Tier,Premium SSD,ZRS,
canadacentral,Archive Tier,Standard SSD,LRS,0.0018
canadacentral,Archive Tier,Standard SSD,GRS,0.0042
canadacentral,Archive Tier,Standard SSD,ZRS,
canadaeast,Hot Tier,Premium SSD,LRS,0.18
canadaeast,Hot Tier,Premium SSD,GRS,
canadaeast,Hot Tier,Premium SSD,ZRS,
canadaeast,Hot Tier,Standard SSD,LRS,0.02
canadaeast,Hot Tier,Standard SSD,GRS,0.04
canadaeast,Hot Tier,Standard SSD,ZRS,
canadaeast,Cold Tier,Premium SSD,LRS,
canadaeast,Cold Tier,Premium SSD,GRS,
canadaeast,Cold Tier,Premium SSD,ZRS,
canadaeast,Cold Tier,Standard SSD,LRS,0.0045
canadaeast,Cold Tier,Standard SSD,GRS,0.009
canadaeast,Cold Tier,Standard SSD,ZRS,
canadaeast,Archive Tier,Premium SSD,LRS,
canadaeast,Archive Tier,Premium SSD,GRS,
canadaeast,Archive Tier,Premium SSD,ZRS,
canadaeast,Archive Tier,Standard SSD,LRS,0.0024
canadaeast,Archive Tier,Standard SSD,GRS,0.0042
canadaeast,Archive Tier,Standard SSD,ZRS,
centralindia,Hot Tier,Premium SSD,LRS,0.21
centralindia,Hot Tier,Premium SSD,GRS,
centralindia,Hot Tier,Premium SSD,ZRS,0.279
centralindia,Hot Tier,Standard SSD,LRS,0.02
centralindia,Hot Tier,Standard SSD,GRS,0.04
centralindia,Hot Tier,Standard SSD,ZRS,0.025
centralindia,Cold Tier,Premium SSD,LRS,
centralindia,Cold Tier,Premium SSD,GRS,
centralindia,Cold Tier,Premium SSD,ZRS,
centralindia,Cold Tier,Standard SSD,LRS,0.0045
centralindia,Cold Tier,Standard SSD,GRS,0.00994
centralindia,Cold Tier,Standard SSD,ZRS,0.005
centralindia,Archive Tier,Premium SSD,LRS,
centralindia,Archive Tier,Premium SSD,GRS,
centralindia,Archive Tier,Premium SSD,ZRS,
centralindia,Archive Tier,Standard SSD,LRS,0.002
centralindia,Archive Tier,Standard SSD,GRS,0.005
centralindia,Archive Tier,Standard SSD,ZRS,
centralus,Hot Tier,Premium SSD,LRS,0.18
centralus,Hot Tier,Premium SSD,GRS,
centralus,Hot Tier,Premium SSD,ZRS,0.246
centralus,Hot Tier,Standard SSD,LRS,0.0184
centralus,Hot Tier,Standard SSD,GRS,0.0368
centralus,Hot Tier,Standard SSD,ZRS,0.023
centralus,Cold Tier,Premium SSD,LRS,
centralus,Cold Tier,Premium SSD,GRS,
centralus,Cold Tier,Premium SSD,ZRS,
centralus,Cold Tier,Standard SSD,LRS,0.00443
centralus,Cold Tier,Standard SSD,GRS,0.00803
centralus,Cold Tier,Standard SSD,ZRS,0.00492
centralus,Archive Tier,Premium SSD,LRS,
centralus,Archive Tier,Premium SSD,GRS,
centralus,Archive Tier,Premium SSD,ZRS,
centralus,Archive Tier,Standard SSD,LRS,0.002
centralus,Archive Tier,Standard SSD,GRS,0.004
centralus,Archive Tier,Standard SSD,ZRS,
chilecentral,Hot Tier,Premium SSD,LRS,0.21
chilecentral,Hot Tier,Premium SSD,GRS,
chilecentral,Hot Tier,Premium SSD,ZRS,0.28
chilecentral,Hot Tier,Standard SSD,LRS,0.02576
chilecentral,Hot Tier,Standard SSD,GRS,
chilecentral,Hot Tier,Standard SSD,ZRS,0.0322
chilecentral,Cold Tier,Premium SSD,LRS,
chilecentral,Cold Tier,Premium SSD,GRS,
chilecentral,Cold Tier,Premium SSD,ZRS,
chilecentral,Cold Tier,Standard SSD,LRS,0.00504
chilecentral,Cold Tier,Standard SSD,GRS,
chilecentral,Cold Tier,Standard SSD,ZRS,0.006287
chilecentral,Archive Tier,Premium SSD,LRS,
chilecentral,Archive Tier,Premium SSD,GRS,
chilecentral,Archive Tier,Premium SSD,ZRS,
chilecentral,Archive Tier,Standard SSD,LRS,
chilecentral,Archive Tier,Standard SSD,GRS,
chilecentral,Archive Tier,Standard SSD,ZRS,
denmarkeast,Hot Tier,Premium SSD,LRS,0.195
denmarkeast,Hot Tier,Premium SSD,GRS,
denmarkeast,Hot Tier,Premium SSD,ZRS,0.259
denmarkeast,Hot Tier,Standard SSD,LRS,0.0196
denmarkeast,Hot Tier,Standard SSD,GRS,
denmarkeast,Hot Tier,Standard SSD,ZRS,0.024
denmarkeast,Cold Tier,Premium SSD,LRS,
denmarkeast,Cold Tier,Premium SSD,GRS,
denmarkeast,Cold Tier,Premium SSD,ZRS,
denmarkeast,Cold Tier,Standard SSD,LRS,0.0045
denmarkeast,Cold Tier,Standard SSD,GRS,
denmarkeast,Cold Tier,Standard SSD,ZRS,0.005
denmarkeast,Archive Tier,Premium SSD,LRS,
denmarkeast,Archive Tier,Premium SSD,GRS,
denmarkeast,Archive Tier,Premium SSD,ZRS,
denmarkeast,Archive Tier,Standard SSD,LRS,
denmarkeast,Archive Tier,Standard SSD,GRS,
denmarkeast,Archive Tier,Standard SSD,ZRS,
eastasia,Hot Tier,Premium SSD,LRS,0.233
eastasia,Hot Tier,Premium SSD,GRS,
eastasia,Hot Tier,Premium SSD,ZRS,0.309
eastasia,Hot Tier,Standard SSD,LRS,0.024
eastasia,Hot Tier,Standard SSD,GRS,0.048
eastasia,Hot Tier,Standard SSD,ZRS,0.03
eastasia,Cold Tier,Premium SSD,LRS,
eastasia,Cold Tier,Premium SSD,GRS,
eastasia,Cold Tier,Premium SSD,ZRS,
eastasia,Cold Tier,Standard SSD,LRS,0.0045
eastasia,Cold Tier,Standard SSD,GRS,0.009
eastasia,Cold Tier,Standard SSD,ZRS,0.005
eastasia,Archive Tier,Premium SSD,LRS,
eastasia,Archive Tier,Premium SSD,GRS,
eastasia,Archive Tier,Premium SSD,ZRS,
eastasia,Archive Tier,Standard SSD,LRS,0.002
eastasia,Archive Tier,Standard SSD,GRS,0.004
eastasia,Archive Tier,Standard SSD,ZRS,
eastus,Hot Tier,Premium SSD,LRS,0.15
eastus,Hot Tier,Premium SSD,GRS,
eastus,Hot Tier,Premium SSD,ZRS,0.2
eastus,Hot Tier,Standard SSD,LRS,0.0208
eastus,Hot Tier,Standard SSD,GRS,0.0458
eastus,Hot Tier,Standard SSD,ZRS,0.026
eastus,Cold Tier,Premium SSD,LRS,
eastus,Cold Tier,Premium SSD,GRS,
eastus,Cold Tier,Premium SSD,ZRS,
eastus,Cold Tier,Standard SSD,LRS,0.0036
eastus,Cold Tier,Standard SSD,GRS,0.0081
eastus,Cold Tier,Standard SSD,ZRS,0.004
eastus,Archive Tier,Premium SSD,LRS,
eastus,Archive Tier,Premium SSD,GRS,
eastus,Archive Tier,Premium SSD,ZRS,
eastus,Archive Tier,Standard SSD,LRS,0.00099
eastus,Archive Tier,Standard SSD,GRS,0.00299
eastus,Archive Tier,Standard SSD,ZRS,
eastus2,Hot Tier,Premium SSD,LRS,0.15
eastus2,Hot Tier,Premium SSD,GRS,
eastus2,Hot Tier,Premium SSD,ZRS,0.2
eastus2,Hot Tier,Standard SSD,LRS,0.0184
eastus2,Hot Tier,Standard SSD,GRS,0.0368
eastus2,Hot Tier,Standard SSD,ZRS,0.023
eastus2,Cold Tier,Premium SSD,LRS,
eastus2,Cold Tier,Premium SSD,GRS,
eastus2,Cold Tier,Premium SSD,ZRS,
eastus2,Cold Tier,Standard SSD,LRS,0.0036
eastus2,Cold Tier,Standard SSD,GRS,0.00803
eastus2,Cold Tier,Standard SSD,ZRS,0.004
eastus2,Archive Tier,Premium SSD,LRS,
eastus2,Archive Tier,Premium SSD,GRS,
eastus2,Archive Tier,Premium SSD,ZRS,
eastus2,Archive Tier,Standard SSD,LRS,0.002
eastus2,Archive Tier,Standard SSD,GRS,0.004
eastus2,Archive Tier,Standard SSD,ZRS,
francecentral,Hot Tier,Premium SSD,LRS,0.188
francecentral,Hot Tier,Premium SSD,GRS,
francecentral,Hot Tier,Premium SSD,ZRS,0.249
francecentral,Hot Tier,Standard SSD,LRS,0.0192
francecentral,Hot Tier,Standard SSD,GRS,0.0384
francecentral,Hot Tier,Standard SSD,ZRS,0.024
francecentral,Cold Tier,Premium SSD,LRS,
francecentral,Cold Tier,Premium SSD,GRS,
francecentral,Cold Tier,Premium SSD,ZRS,
francecentral,Cold Tier,Standard SSD,LRS,0.0045
francecentral,Cold Tier,Standard SSD,GRS,0.0104
francecentral,Cold Tier,Standard SSD,ZRS,0.005
francecentral,Archive Tier,Premium SSD,LRS,
francecentral,Archive Tier,Premium SSD,GRS,
francecentral,Archive Tier,Premium SSD,ZRS,
francecentral,Archive Tier,Standard SSD,LRS,0.0018
francecentral,Archive Tier,Standard SSD,GRS,0.00484
francecentral,Archive Tier,Standard SSD,ZRS,
francesouth,Hot Tier,Premium SSD,LRS,0.244
francesouth,Hot Tier,Premium SSD,GRS,
francesouth,Hot Tier,Premium SSD,ZRS,
francesouth,Hot Tier,Standard SSD,LRS,0.02496
francesouth,Hot Tier,Standard SSD,GRS,0.04992
francesouth,Hot Tier,Standard SSD,ZRS,
francesouth,Cold Tier,Premium SSD,LRS,
francesouth,Cold Tier,Premium SSD,GRS,
francesouth,Cold Tier,Premium SSD,ZRS,
francesouth,Cold Tier,Standard SSD,LRS,0.00585
francesouth,Cold Tier,Standard SSD,GRS,0.0104
francesouth,Cold Tier,Standard SSD,ZRS,
francesouth,Archive Tier,Premium SSD,LRS,
francesouth,Archive Tier,Premium SSD,GRS,
francesouth,Archive Tier,Premium SSD,ZRS,
francesouth,Archive Tier,Standard SSD,LRS,0.00304
francesouth,Archive Tier,Standard SSD,GRS,0.00484
francesouth,Archive Tier,Standard SSD,ZRS,
germanynorth,Hot Tier,Premium SSD,LRS,0.254
germanynorth,Hot Tier,Premium SSD,GRS,
germanynorth,Hot Tier,Premium SSD,ZRS,
germanynorth,Hot Tier,Standard SSD,LRS,0.0196
germanynorth,Hot Tier,Standard SSD,GRS,0.0392
germanynorth,Hot Tier,Standard SSD,ZRS,
germanynorth,Cold Tier,Premium SSD,LRS,
germanynorth,Cold Tier,Premium SSD,GRS,
germanynorth,Cold Tier,Premium SSD,ZRS,
germanynorth,Cold Tier,Standard SSD,LRS,0.0045
germanynorth,Cold Tier,Standard SSD,GRS,0.0081
germanynorth,Cold Tier,Standard SSD,ZRS,
germanynorth,Archive Tier,Premium SSD,LRS,
germanynorth,Archive Tier,Premium SSD,GRS,
germanynorth,Archive Tier,Premium SSD,ZRS,
germanynorth,Archive Tier,Standard SSD,LRS,0.0018
germanynorth,Archive Tier,Standard SSD,GRS,0.00279
germanynorth,Archive Tier,Standard SSD,ZRS,
germanywestcentral,Hot Tier,Premium SSD,LRS,0.195
germanywestcentral,Hot Tier,Premium SSD,GRS,
germanywestcentral,Hot Tier,Premium SSD,ZRS,0.259
germanywestcentral,Hot Tier,Standard SSD,LRS,0.0196
germanywestcentral,Hot Tier,Standard SSD,GRS,0.0392
germanywestcentral,Hot Tier,Standard SSD,ZRS,0.0225
germanywestcentral,Cold Tier,Premium SSD,LRS,
germanywestcentral,Cold Tier,Premium SSD,GRS,
germanywestcentral,Cold Tier,Premium SSD,ZRS,
germanywestcentral,Cold Tier,Standard SSD,LRS,0.0045
germanywestcentral,Cold Tier,Standard SSD,GRS,0.0081
germanywestcentral,Cold Tier,Standard SSD,ZRS,0.005
germanywestcentral,Archive Tier,Premium SSD,LRS,
germanywestcentral,Archive Tier,Premium SSD,GRS,
germanywestcentral,Archive Tier,Premium SSD,ZRS,
germanywestcentral,Archive Tier,Standard SSD,LRS,0.0018
germanywestcentral,Archive Tier,Standard SSD,GRS,0.00279
germanywestcentral,Archive Tier,Standard SSD,ZRS,
indiasouthcentral,Hot Tier,Premium SSD,LRS,0.21
indiasouthcentral,Hot Tier,Premium SSD,GRS,
indiasouthcentral,Hot Tier,Premium SSD,ZRS,0.279
indiasouthcentral,Hot Tier,Standard SSD,LRS,0.02
indiasouthcentral,Hot Tier,Standard SSD,GRS,0.04
indiasouthcentral,Hot Tier,Standard SSD,ZRS,0.025
indiasouthcentral,Cold Tier,Premium SSD,LRS,
indiasouthcentral,Cold Tier,Premium SSD,GRS,
indiasouthcentral,Cold Tier,Premium SSD,ZRS,
indiasouthcentral,Cold Tier,Standard SSD,LRS,0.0045
indiasouthcentral,Cold Tier,Standard SSD,GRS,0.009
indiasouthcentral,Cold Tier,Standard SSD,ZRS,0.005625
indiasouthcentral,Archive Tier,Premium SSD,LRS,
indiasouthcentral,Archive Tier,Premium SSD,GRS,
indiasouthcentral,Archive Tier,Premium SSD,ZRS,
indiasouthcentral,Archive Tier,Standard SSD,LRS,
indiasouthcentral,Archive Tier,Standard SSD,GRS,
indiasouthcentral,Archive Tier,Standard SSD,ZRS,
indonesiacentral,Hot Tier,Premium SSD,LRS,0.1755
indonesiacentral,Hot Tier,Premium SSD,GRS,
indonesiacentral,Hot Tier,Premium SSD,ZRS,0.233415
indonesiacentral,Hot Tier,Standard SSD,LRS,0.018
indonesiacentral,Hot Tier,Standard SSD,GRS,
indonesiacentral,Hot Tier,Standard SSD,ZRS,0.0225
indonesiacentral,Cold Tier,Premium SSD,LRS,
indonesiacentral,Cold Tier,Premium SSD,GRS,
indonesiacentral,Cold Tier,Premium SSD,ZRS,
indonesiacentral,Cold Tier,Standard SSD,LRS,0.00405
indonesiacentral,Cold Tier,Standard SSD,GRS,
indonesiacentral,Cold Tier,Standard SSD,ZRS,0.005
indonesiacentral,Archive Tier,Premium SSD,LRS,
indonesiacentral,Archive Tier,Premium SSD,GRS,
indonesiacentral,Archive Tier,Premium SSD,ZRS,
indonesiacentral,Archive Tier,Standard SSD,LRS,0.0018
indonesiacentral,Archive Tier,Standard SSD,GRS,
indonesiacentral,Archive Tier,Standard SSD,ZRS,
israelcentral,Hot Tier,Premium SSD,LRS,0.214
israelcentral,Hot Tier,Premium SSD,GRS,
israelcentral,Hot Tier,Premium SSD,ZRS,0.285
israelcentral,Hot Tier,Standard SSD,LRS,0.02
israelcentral,Hot Tier,Standard SSD,GRS,0.06578
israelcentral,Hot Tier,Standard SSD,ZRS,0.025
israelcentral,Cold Tier,Premium SSD,LRS,
israelcentral,Cold Tier,Premium SSD,GRS,
israelcentral,Cold Tier,Premium SSD,ZRS,
israelcentral,Cold Tier,Standard SSD,LRS,0.0045
israelcentral,Cold Tier,Standard SSD,GRS,0.024
israelcentral,Cold Tier,Standard SSD,ZRS,0.005
israelcentral,Archive Tier,Premium SSD,LRS,
israelcentral,Archive Tier,Premium SSD,GRS,
israelcentral,Archive Tier,Premium SSD,ZRS,
israelcentral,Archive Tier,Standard SSD,LRS,
israelcentral,Archive Tier,Standard SSD,GRS,
israelcentral,Archive Tier,Standard SSD,ZRS,
italynorth,Hot Tier,Premium SSD,LRS,0.19425
italynorth,Hot Tier,Premium SSD,GRS,
italynorth,Hot Tier,Premium SSD,ZRS,0.259
italynorth,Hot Tier,Standard SSD,LRS,0.0192
italynorth,Hot Tier,Standard SSD,GRS,
italynorth,Hot Tier,Standard SSD,ZRS,0.024
italynorth,Cold Tier,Premium SSD,LRS,
italynorth,Cold Tier,Premium SSD,GRS,
italynorth,Cold Tier,Premium SSD,ZRS,
italynorth,Cold Tier,Standard SSD,LRS,0.0045
italynorth,Cold Tier,Standard SSD,GRS,
italynorth,Cold Tier,Standard SSD,ZRS,0.005
italynorth,Archive Tier,Premium SSD,LRS,
italynorth,Archive Tier,Premium SSD,GRS,
italynorth,Archive Tier,Premium SSD,ZRS,
italynorth,Archive Tier,Standard SSD,LRS,0.0018
italynorth,Archive Tier,Standard SSD,GRS,
italynorth,Archive Tier,Standard SSD,ZRS,
japaneast,Hot Tier,Premium SSD,LRS,0.218
japaneast,Hot Tier,Premium SSD,GRS,
japaneast,Hot Tier,Premium SSD,ZRS,0.289
japaneast,Hot Tier,Standard SSD,LRS,0.02
japaneast,Hot Tier,Standard SSD,GRS,0.04
japaneast,Hot Tier,Standard SSD,ZRS,0.025
japaneast,Cold Tier,Premium SSD,LRS,
japaneast,Cold Tier,Premium SSD,GRS,
japaneast,Cold Tier,Premium SSD,ZRS,
japaneast,Cold Tier,Standard SSD,LRS,0.0045
japaneast,Cold Tier,Standard SSD,GRS,0.009
japaneast,Cold Tier,Standard SSD,ZRS,0.005
japaneast,Archive Tier,Premium SSD,LRS,
japaneast,Archive Tier,Premium SSD,GRS,
japaneast,Archive Tier,Premium SSD,ZRS,
japaneast,Archive Tier,Standard SSD,LRS,0.002
japaneast,Archive Tier,Standard SSD,GRS,0.004
japaneast,Archive Tier,Standard SSD,ZRS,
japanwest,Hot Tier,Premium SSD,LRS,0.233
japanwest,Hot Tier,Premium SSD,GRS,
japanwest,Hot Tier,Premium SSD,ZRS,
japanwest,Hot Tier,Standard SSD,LRS,0.02
japanwest,Hot Tier,Standard SSD,GRS,0.04
japanwest,Hot Tier,Standard SSD,ZRS,0.025
japanwest,Cold Tier,Premium SSD,LRS,
japanwest,Cold Tier,Premium SSD,GRS,
japanwest,Cold Tier,Premium SSD,ZRS,
japanwest,Cold Tier,Standard SSD,LRS,0.0045
japanwest,Cold Tier,Standard SSD,GRS,0.009
japanwest,Cold Tier,Standard SSD,ZRS,0.0062
japanwest,Archive Tier,Premium SSD,LRS,
japanwest,Archive Tier,Premium SSD,GRS,
japanwest,Archive Tier,Premium SSD,ZRS,
japanwest,Archive Tier,Standard SSD,LRS,0.002
japanwest,Archive Tier,Standard SSD,GRS,0.004
japanwest,Archive Tier,Standard SSD,ZRS,
koreacentral,Hot Tier,Premium SSD,LRS,0.203
koreacentral,Hot Tier,Premium SSD,GRS,
koreacentral,Hot Tier,Premium SSD,ZRS,0.269
koreacentral,Hot Tier,Standard SSD,LRS,0.02
koreacentral,Hot Tier,Standard SSD,GRS,0.04
koreacentral,Hot Tier,Standard SSD,ZRS,0.025
koreacentral,Cold Tier,Premium SSD,LRS,
koreacentral,Cold Tier,Premium SSD,GRS,
koreacentral,Cold Tier,Premium SSD,ZRS,
koreacentral,Cold Tier,Standard SSD,LRS,0.0045
koreacentral,Cold Tier,Standard SSD,GRS,0.009
koreacentral,Cold Tier,Standard SSD,ZRS,0.005
koreacentral,Archive Tier,Premium SSD,LRS,
koreacentral,Archive Tier,Premium SSD,GRS,
koreacentral,Archive Tier,Premium SSD,ZRS,
koreacentral,Archive Tier,Standard SSD,LRS,0.002
koreacentral,Archive Tier,Standard SSD,GRS,0.0047
koreacentral,Archive Tier,Standard SSD,ZRS,
koreasouth,Hot Tier,Premium SSD,LRS,0.203
koreasouth,Hot Tier,Premium SSD,GRS,
koreasouth,Hot Tier,Premium SSD,ZRS,
koreasouth,Hot Tier,Standard SSD,LRS,0.02
koreasouth,Hot Tier,Standard SSD,GRS,0.04
koreasouth,Hot Tier,Standard SSD,ZRS,
koreasouth,Cold Tier,Premium SSD,LRS,
koreasouth,Cold Tier,Premium SSD,GRS,
koreasouth,Cold Tier,Premium SSD,ZRS,
koreasouth,Cold Tier,Standard SSD,LRS,0.0045
koreasouth,Cold Tier,Standard SSD,GRS,0.009
koreasouth,Cold Tier,Standard SSD,ZRS,
koreasouth,Archive Tier,Premium SSD,LRS,
koreasouth,Archive Tier,Premium SSD,GRS,
koreasouth,Archive Tier,Premium SSD,ZRS,
koreasouth,Archive Tier,Standard SSD,LRS,0.0027
koreasouth,Archive Tier,Standard SSD,GRS,0.0047
koreasouth,Archive Tier,Standard SSD,ZRS,
malaysiawest,Hot Tier,Premium SSD,LRS,0.1755
malaysiawest,Hot Tier,Premium SSD,GRS,
malaysiawest,Hot Tier,Premium SSD,ZRS,0.233415
malaysiawest,Hot Tier,Standard SSD,LRS,0.018
malaysiawest,Hot Tier,Standard SSD,GRS,
malaysiawest,Hot Tier,Standard SSD,ZRS,0.0225
malaysiawest,Cold Tier,Premium SSD,LRS,
malaysiawest,Cold Tier,Premium SSD,GRS,
malaysiawest,Cold Tier,Premium SSD,ZRS,
malaysiawest,Cold Tier,Standard SSD,LRS,0.00405
malaysiawest,Cold Tier,Standard SSD,GRS,
malaysiawest,Cold Tier,Standard SSD,ZRS,0.005
malaysiawest,Archive Tier,Premium SSD,LRS,
malaysiawest,Archive Tier,Premium SSD,GRS,
malaysiawest,Archive Tier,Premium SSD,ZRS,
malaysiawest,Archive Tier,Standard SSD,LRS,0.0018
malaysiawest,Archive Tier,Standard SSD,GRS,
malaysiawest,Archive Tier,Standard SSD,ZRS,
mexicocentral,Hot Tier,Premium SSD,LRS,0.165
mexicocentral,Hot Tier,Premium SSD,GRS,
mexicocentral,Hot Tier,Premium SSD,ZRS,0.21945
mexicocentral,Hot Tier,Standard SSD,LRS,0.02288
mexicocentral,Hot Tier,Standard SSD,GRS,
mexicocentral,Hot Tier,Standard SSD,ZRS,0.0286
mexicocentral,Cold Tier,Premium SSD,LRS,
mexicocentral,Cold Tier,Premium SSD,GRS,
mexicocentral,Cold Tier,Premium SSD,ZRS,
mexicocentral,Cold Tier,Standard SSD,LRS,0.00396
mexicocentral,Cold Tier,Standard SSD,GRS,
mexicocentral,Cold Tier,Standard SSD,ZRS,0.00495
mexicocentral,Archive Tier,Premium SSD,LRS,
mexicocentral,Archive Tier,Premium SSD,GRS,
mexicocentral,Archive Tier,Premium SSD,ZRS,
mexicocentral,Archive Tier,Standard SSD,LRS,
mexicocentral,Archive Tier,Standard SSD,GRS,
mexicocentral,Archive Tier,Standard SSD,ZRS,
newzealandnorth,Hot Tier,Premium SSD,LRS,0.2289
newzealandnorth,Hot Tier,Premium SSD,GRS,
newzealandnorth,Hot Tier,Premium SSD,ZRS,0.30345
newzealandnorth,Hot Tier,Standard SSD,LRS,0.02
newzealandnorth,Hot Tier,Standard SSD,GRS,
newzealandnorth,Hot Tier,Standard SSD,ZRS,0.02625
newzealandnorth,Cold Tier,Premium SSD,LRS,
newzealandnorth,Cold Tier,Premium SSD,GRS,
newzealandnorth,Cold Tier,Premium SSD,ZRS,
newzealandnorth,Cold Tier,Standard SSD,LRS,0.004725
newzealandnorth,Cold Tier,Standard SSD,GRS,
newzealandnorth,Cold Tier,Standard SSD,ZRS,0.00525
newzealandnorth,Archive Tier,Premium SSD,LRS,
newzealandnorth,Archive Tier,Premium SSD,GRS,
newzealandnorth,Archive Tier,Premium SSD,ZRS,
newzealandnorth,Archive Tier,Standard SSD,LRS,
newzealandnorth,Archive Tier,Standard SSD,GRS,
newzealandnorth,Archive Tier,Standard SSD,ZRS,
northcentralus,Hot Tier,Premium SSD,LRS,0.18
northcentralus,Hot Tier,Premium SSD,GRS,
northcentralus,Hot Tier,Premium SSD,ZRS,
northcentralus,Hot Tier,Standard SSD,LRS,0.0208
northcentralus,Hot Tier,Standard SSD,GRS,0.0416
northcentralus,Hot Tier,Standard SSD,ZRS,
northcentralus,Cold Tier,Premium SSD,LRS,
northcentralus,Cold Tier,Premium SSD,GRS,
northcentralus,Cold Tier,Premium SSD,ZRS,
northcentralus,Cold Tier,Standard SSD,LRS,0.0036
northcentralus,Cold Tier,Standard SSD,GRS,0.00792
northcentralus,Cold Tier,Standard SSD,ZRS,
northcentralus,Archive Tier,Premium SSD,LRS,
northcentralus,Archive Tier,Premium SSD,GRS,
northcentralus,Archive Tier,Premium SSD,ZRS,
northcentralus,Archive Tier,Standard SSD,LRS,0.00099
northcentralus,Archive Tier,Standard SSD,GRS,0.00339
northcentralus,Archive Tier,Standard SSD,ZRS,
northeurope,Hot Tier,Premium SSD,LRS,0.18
northeurope,Hot Tier,Premium SSD,GRS,
northeurope,Hot Tier,Premium SSD,ZRS,0.239
northeurope,Hot Tier,Standard SSD,LRS,0.022
northeurope,Hot Tier,Standard SSD,GRS,0.0368
northeurope,Hot Tier,Standard SSD,ZRS,0.023
northeurope,Cold Tier,Premium SSD,LRS,
northeurope,Cold Tier,Premium SSD,GRS,
northeurope,Cold Tier,Premium SSD,ZRS,
northeurope,Cold Tier,Standard SSD,LRS,0.0036
northeurope,Cold Tier,Standard SSD,GRS,0.0081
northeurope,Cold Tier,Standard SSD,ZRS,0.004
northeurope,Archive Tier,Premium SSD,LRS,
northeurope,Archive Tier,Premium SSD,GRS,
northeurope,Archive Tier,Premium SSD,ZRS,
northeurope,Archive Tier,Standard SSD,LRS,0.00099
northeurope,Archive Tier,Standard SSD,GRS,0.00279
northeurope,Archive Tier,Standard SSD,ZRS,
norwayeast,Hot Tier,Premium SSD,LRS,0.215
norwayeast,Hot Tier,Premium SSD,GRS,
norwayeast,Hot Tier,Premium SSD,ZRS,0.286
norwayeast,Hot Tier,Standard SSD,LRS,0.0216
norwayeast,Hot Tier,Standard SSD,GRS,0.0496
norwayeast,Hot Tier,Standard SSD,ZRS,0.0264
norwayeast,Cold Tier,Premium SSD,LRS,
norwayeast,Cold Tier,Premium SSD,GRS,
norwayeast,Cold Tier,Premium SSD,ZRS,
norwayeast,Cold Tier,Standard SSD,LRS,0.00515
norwayeast,Cold Tier,Standard SSD,GRS,0.0118
norwayeast,Cold Tier,Standard SSD,ZRS,0.00571
norwayeast,Archive Tier,Premium SSD,LRS,
norwayeast,Archive Tier,Premium SSD,GRS,
norwayeast,Archive Tier,Premium SSD,ZRS,
norwayeast,Archive Tier,Standard SSD,LRS,0.001416
norwayeast,Archive Tier,Standard SSD,GRS,0.003256
norwayeast,Archive Tier,Standard SSD,ZRS,
norwaywest,Hot Tier,Premium SSD,LRS,0.279
norwaywest,Hot Tier,Premium SSD,GRS,
norwaywest,Hot Tier,Premium SSD,ZRS,
norwaywest,Hot Tier,Standard SSD,LRS,0.028
norwaywest,Hot Tier,Standard SSD,GRS,0.0496
norwaywest,Hot Tier,Standard SSD,ZRS,
norwaywest,Cold Tier,Premium SSD,LRS,
norwaywest,Cold Tier,Premium SSD,GRS,
norwaywest,Cold Tier,Premium SSD,ZRS,
norwaywest,Cold Tier,Standard SSD,LRS,0.00669
norwaywest,Cold Tier,Standard SSD,GRS,0.0118
norwaywest,Cold Tier,Standard SSD,ZRS,
norwaywest,Archive Tier,Premium SSD,LRS,
norwaywest,Archive Tier,Premium SSD,GRS,
norwaywest,Archive Tier,Premium SSD,ZRS,
norwaywest,Archive Tier,Standard SSD,LRS,0.00184
norwaywest,Archive Tier,Standard SSD,GRS,0.004233
norwaywest,Archive Tier,Standard SSD,ZRS,
polandcentral,Hot Tier,Premium SSD,LRS,0.195
polandcentral,Hot Tier,Premium SSD,GRS,
polandcentral,Hot Tier,Premium SSD,ZRS,0.259
polandcentral,Hot Tier,Standard SSD,LRS,0.0196
polandcentral,Hot Tier,Standard SSD,GRS,
polandcentral,Hot Tier,Standard SSD,ZRS,0.0225
polandcentral,Cold Tier,Premium SSD,LRS,
polandcentral,Cold Tier,Premium SSD,GRS,
polandcentral,Cold Tier,Premium SSD,ZRS,
polandcentral,Cold Tier,Standard SSD,LRS,0.0045
polandcentral,Cold Tier,Standard SSD,GRS,
polandcentral,Cold Tier,Standard SSD,ZRS,0.005
polandcentral,Archive Tier,Premium SSD,LRS,
polandcentral,Archive Tier,Premium SSD,GRS,
polandcentral,Archive Tier,Premium SSD,ZRS,
polandcentral,Archive Tier,Standard SSD,LRS,
polandcentral,Archive Tier,Standard SSD,GRS,
polandcentral,Archive Tier,Standard SSD,ZRS,
qatarcentral,Hot Tier,Premium SSD,LRS,0.214
qatarcentral,Hot Tier,Premium SSD,GRS,
qatarcentral,Hot Tier,Premium SSD,ZRS,0.285
qatarcentral,Hot Tier,Standard SSD,LRS,0.02
qatarcentral,Hot Tier,Standard SSD,GRS,
qatarcentral,Hot Tier,Standard SSD,ZRS,0.025
qatarcentral,Cold Tier,Premium SSD,LRS,
qatarcentral,Cold Tier,Premium SSD,GRS,
qatarcentral,Cold Tier,Premium SSD,ZRS,
qatarcentral,Cold Tier,Standard SSD,LRS,0.0045
qatarcentral,Cold Tier,Standard SSD,GRS,
qatarcentral,Cold Tier,Standard SSD,ZRS,0.005
qatarcentral,Archive Tier,Premium SSD,LRS,
qatarcentral,Archive Tier,Premium SSD,GRS,
qatarcentral,Archive Tier,Premium SSD,ZRS,
qatarcentral,Archive Tier,Standard SSD,LRS,
qatarcentral,Archive Tier,Standard SSD,GRS,
qatarcentral,Archive Tier,Standard SSD,ZRS,
southafricanorth,Hot Tier,Premium SSD,LRS,0.219
southafricanorth,Hot Tier,Premium SSD,GRS,
southafricanorth,Hot Tier,Premium SSD,ZRS,0.292
southafricanorth,Hot Tier,Standard SSD,LRS,0.0219
southafricanorth,Hot Tier,Standard SSD,GRS,0.0493
southafricanorth,Hot Tier,Standard SSD,ZRS,0.0274
southafricanorth,Cold Tier,Premium SSD,LRS,
southafricanorth,Cold Tier,Premium SSD,GRS,
southafricanorth,Cold Tier,Premium SSD,ZRS,
southafricanorth,Cold Tier,Standard SSD,LRS,0.0045
southafricanorth,Cold Tier,Standard SSD,GRS,0.0104
southafricanorth,Cold Tier,Standard SSD,ZRS,0.005
southafricanorth,Archive Tier,Premium SSD,LRS,
southafricanorth,Archive Tier,Premium SSD,GRS,
southafricanorth,Archive Tier,Premium SSD,ZRS,
southafricanorth,Archive Tier,Standard SSD,LRS,0.001326
southafricanorth,Archive Tier,Standard SSD,GRS,0.002989
southafricanorth,Archive Tier,Standard SSD,ZRS,
southafricawest,Hot Tier,Premium SSD,LRS,0.285
southafricawest,Hot Tier,Premium SSD,GRS,
southafricawest,Hot Tier,Premium SSD,ZRS,
southafricawest,Hot Tier,Standard SSD,LRS,0.0274
southafricawest,Hot Tier,Standard SSD,GRS,0.0493
southafricawest,Hot Tier,Standard SSD,ZRS,
southafricawest,Cold Tier,Premium SSD,LRS,
southafricawest,Cold Tier,Premium SSD,GRS,
southafricawest,Cold Tier,Premium SSD,ZRS,
southafricawest,Cold Tier,Standard SSD,LRS,0.00585
southafricawest,Cold Tier,Standard SSD,GRS,0.0104
southafricawest,Cold Tier,Standard SSD,ZRS,
southafricawest,Archive Tier,Premium SSD,LRS,
southafricawest,Archive Tier,Premium SSD,GRS,
southafricawest,Archive Tier,Premium SSD,ZRS,
southafricawest,Archive Tier,Standard SSD,LRS,0.001663
southafricawest,Archive Tier,Standard SSD,GRS,0.002989
southafricawest,Archive Tier,Standard SSD,ZRS,
southcentralus,Hot Tier,Premium SSD,LRS,0.18
southcentralus,Hot Tier,Premium SSD,GRS,
southcentralus,Hot Tier,Premium SSD,ZRS,
southcentralus,Hot Tier,Standard SSD,LRS,0.0184
southcentralus,Hot Tier,Standard SSD,GRS,0.0368
southcentralus,Hot Tier,Standard SSD,ZRS,0.023
southcentralus,Cold Tier,Premium SSD,LRS,
southcentralus,Cold Tier,Premium SSD,GRS,
southcentralus,Cold Tier,Premium SSD,ZRS,
southcentralus,Cold Tier,Standard SSD,LRS,0.00432
southcentralus,Cold Tier,Standard SSD,GRS,0.00792
southcentralus,Cold Tier,Standard SSD,ZRS,0.0048
southcentralus,Archive Tier,Premium SSD,LRS,
southcentralus,Archive Tier,Premium SSD,GRS,
southcentralus,Archive Tier,Premium SSD,ZRS,
southcentralus,Archive Tier,Standard SSD,LRS,0.0024
southcentralus,Archive Tier,Standard SSD,GRS,0.00339
southcentralus,Archive Tier,Standard SSD,ZRS,
southeastasia,Hot Tier,Premium SSD,LRS,0.195
southeastasia,Hot Tier,Premium SSD,GRS,
southeastasia,Hot Tier,Premium SSD,ZRS,0.259
southeastasia,Hot Tier,Standard SSD,LRS,0.02
southeastasia,Hot Tier,Standard SSD,GRS,0.04
southeastasia,Hot Tier,Standard SSD,ZRS,0.025
southeastasia,Cold Tier,Premium SSD,LRS,
southeastasia,Cold Tier,Premium SSD,GRS,
southeastasia,Cold Tier,Premium SSD,ZRS,
southeastasia,Cold Tier,Standard SSD,LRS,0.0045
southeastasia,Cold Tier,Standard SSD,GRS,0.009
southeastasia,Cold Tier,Standard SSD,ZRS,0.005
southeastasia,Archive Tier,Premium SSD,LRS,
southeastasia,Archive Tier,Premium SSD,GRS,
southeastasia,Archive Tier,Premium SSD,ZRS,
southeastasia,Archive Tier,Standard SSD,LRS,0.002
southeastasia,Archive Tier,Standard SSD,GRS,0.004
southeastasia,Archive Tier,Standard SSD,ZRS,
southindia,Hot Tier,Premium SSD,LRS,0.225
southindia,Hot Tier,Premium SSD,GRS,
southindia,Hot Tier,Premium SSD,ZRS,
southindia,Hot Tier,Standard SSD,LRS,0.0238
southindia,Hot Tier,Standard SSD,GRS,0.0475
southindia,Hot Tier,Standard SSD,ZRS,
southindia,Cold Tier,Premium SSD,LRS,
southindia,Cold Tier,Premium SSD,GRS,
southindia,Cold Tier,Premium SSD,ZRS,
southindia,Cold Tier,Standard SSD,LRS,0.00544
southindia,Cold Tier,Standard SSD,GRS,0.00994
southindia,Cold Tier,Standard SSD,ZRS,
southindia,Archive Tier,Premium SSD,LRS,
southindia,Archive Tier,Premium SSD,GRS,
southindia,Archive Tier,Premium SSD,ZRS,
southindia,Archive Tier,Standard SSD,LRS,0.003
southindia,Archive Tier,Standard SSD,GRS,0.005
southindia,Archive Tier,Standard SSD,ZRS,
spaincentral,Hot Tier,Premium SSD,LRS,0.195
spaincentral,Hot Tier,Premium SSD,GRS,
spaincentral,Hot Tier,Premium SSD,ZRS,0.25935
spaincentral,Hot Tier,Standard SSD,LRS,0.0184
spaincentral,Hot Tier,Standard SSD,GRS,
spaincentral,Hot Tier,Standard SSD,ZRS,0.023
spaincentral,Cold Tier,Premium SSD,LRS,
spaincentral,Cold Tier,Premium SSD,GRS,
spaincentral,Cold Tier,Premium SSD,ZRS,
spaincentral,Cold Tier,Standard SSD,LRS,0.0045
spaincentral,Cold Tier,Standard SSD,GRS,
spaincentral,Cold Tier,Standard SSD,ZRS,0.005
spaincentral,Archive Tier,Premium SSD,LRS,
spaincentral,Archive Tier,Premium SSD,GRS,
spaincentral,Archive Tier,Premium SSD,ZRS,
spaincentral,Archive Tier,Standard SSD,LRS,0.0018
spaincentral,Archive Tier,Standard SSD,GRS,
spaincentral,Archive Tier,Standard SSD,ZRS,
swedencentral,Hot Tier,Premium SSD,LRS,0.15
swedencentral,Hot Tier,Premium SSD,GRS,
swedencentral,Hot Tier,Premium SSD,ZRS,0.259
swedencentral,Hot Tier,Standard SSD,LRS,0.0184
swedencentral,Hot Tier,Standard SSD,GRS,0.0392
swedencentral,Hot Tier,Standard SSD,ZRS,0.023
swedencentral,Cold Tier,Premium SSD,LRS,
swedencentral,Cold Tier,Premium SSD,GRS,
swedencentral,Cold Tier,Premium SSD,ZRS,
swedencentral,Cold Tier,Standard SSD,LRS,0.0036
swedencentral,Cold Tier,Standard SSD,GRS,0.0081
swedencentral,Cold Tier,Standard SSD,ZRS,0.004
swedencentral,Archive Tier,Premium SSD,LRS,
swedencentral,Archive Tier,Premium SSD,GRS,
swedencentral,Archive Tier,Premium SSD,ZRS,
swedencentral,Archive Tier,Standard SSD,LRS,0.00099
swedencentral,Archive Tier,Standard SSD,GRS,0.002277
swedencentral,Archive Tier,Standard SSD,ZRS,
switzerlandnorth,Hot Tier,Premium SSD,LRS,0.225
switzerlandnorth,Hot Tier,Premium SSD,GRS,
switzerlandnorth,Hot Tier,Premium SSD,ZRS,0.286
switzerlandnorth,Hot Tier,Standard SSD,LRS,0.02156
switzerlandnorth,Hot Tier,Standard SSD,GRS,0.04312
switzerlandnorth,Hot Tier,Standard SSD,ZRS,0.0264
switzerlandnorth,Cold Tier,Premium SSD,LRS,
switzerlandnorth,Cold Tier,Premium SSD,GRS,
switzerlandnorth,Cold Tier,Premium SSD,ZRS,
switzerlandnorth,Cold Tier,Standard SSD,LRS,0.00515
switzerlandnorth,Cold Tier,Standard SSD,GRS,0.0118
switzerlandnorth,Cold Tier,Standard SSD,ZRS,0.00571
switzerlandnorth,Archive Tier,Premium SSD,LRS,
switzerlandnorth,Archive Tier,Premium SSD,GRS,
switzerlandnorth,Archive Tier,Premium SSD,ZRS,
switzerlandnorth,Archive Tier,Standard SSD,LRS,0.00198
switzerlandnorth,Archive Tier,Standard SSD,GRS,0.003069
switzerlandnorth,Archive Tier,Standard SSD,ZRS,
switzerlandwest,Hot Tier,Premium SSD,LRS,0.292
switzerlandwest,Hot Tier,Premium SSD,GRS,
switzerlandwest,Hot Tier,Premium SSD,ZRS,
switzerlandwest,Hot Tier,Standard SSD,LRS,0.028074
switzerlandwest,Hot Tier,Standard SSD,GRS,0.056148
switzerlandwest,Hot Tier,Standard SSD,ZRS,
switzerlandwest,Cold Tier,Premium SSD,LRS,
switzerlandwest,Cold Tier,Premium SSD,GRS,
switzerlandwest,Cold Tier,Premium SSD,ZRS,
switzerlandwest,Cold Tier,Standard SSD,LRS,0.00669
switzerlandwest,Cold Tier,Standard SSD,GRS,0.0118
switzerlandwest,Cold Tier,Standard SSD,ZRS,
switzerlandwest,Archive Tier,Premium SSD,LRS,
switzerlandwest,Archive Tier,Premium SSD,GRS,
switzerlandwest,Archive Tier,Premium SSD,ZRS,
switzerlandwest,Archive Tier,Standard SSD,LRS,0.00351
switzerlandwest,Archive Tier,Standard SSD,GRS,0.00702
switzerlandwest,Archive Tier,Standard SSD,ZRS,
uaecentral,Hot Tier,Premium SSD,LRS,0.279
uaecentral,Hot Tier,Premium SSD,GRS,
uaecentral,Hot Tier,Premium SSD,ZRS,
uaecentral,Hot Tier,Standard SSD,LRS,0.02548
uaecentral,Hot Tier,Standard SSD,GRS,0.05096
uaecentral,Hot Tier,Standard SSD,ZRS,
uaecentral,Cold Tier,Premium SSD,LRS,
uaecentral,Cold Tier,Premium SSD,GRS,
uaecentral,Cold Tier,Premium SSD,ZRS,
uaecentral,Cold Tier,Standard SSD,LRS,0.00585
uaecentral,Cold Tier,Standard SSD,GRS,0.0104
uaecentral,Cold Tier,Standard SSD,ZRS,
uaecentral,Archive Tier,Premium SSD,LRS,
uaecentral,Archive Tier,Premium SSD,GRS,
uaecentral,Archive Tier,Premium SSD,ZRS,
uaecentral,Archive Tier,Standard SSD,LRS,0.00234
uaecentral,Archive Tier,Standard SSD,GRS,0.00414
uaecentral,Archive Tier,Standard SSD,ZRS,
uaenorth,Hot Tier,Premium SSD,LRS,0.214
uaenorth,Hot Tier,Premium SSD,GRS,
uaenorth,Hot Tier,Premium SSD,ZRS,0.286
uaenorth,Hot Tier,Standard SSD,LRS,0.020275
uaenorth,Hot Tier,Standard SSD,GRS,0.04055
uaenorth,Hot Tier,Standard SSD,ZRS,0.025344
uaenorth,Cold Tier,Premium SSD,LRS,
uaenorth,Cold Tier,Premium SSD,GRS,
uaenorth,Cold Tier,Premium SSD,ZRS,
uaenorth,Cold Tier,Standard SSD,LRS,0.0045
uaenorth,Cold Tier,Standard SSD,GRS,0.0104
uaenorth,Cold Tier,Standard SSD,ZRS,0.005
uaenorth,Archive Tier,Premium SSD,LRS,
uaenorth,Archive Tier,Premium SSD,GRS,
uaenorth,Archive Tier,Premium SSD,ZRS,
uaenorth,Archive Tier,Standard SSD,LRS,0.0018
uaenorth,Archive Tier,Standard SSD,GRS,0.00414
uaenorth,Archive Tier,Standard SSD,ZRS,
uksouth,Hot Tier,Premium SSD,LRS,0.188
uksouth,Hot Tier,Premium SSD,GRS,
uksouth,Hot Tier,Premium SSD,ZRS,0.249
uksouth,Hot Tier,Standard SSD,LRS,0.0192
uksouth,Hot Tier,Standard SSD,GRS,0.0384
uksouth,Hot Tier,Standard SSD,ZRS,0.024
uksouth,Cold Tier,Premium SSD,LRS,
uksouth,Cold Tier,Premium SSD,GRS,
uksouth,Cold Tier,Premium SSD,ZRS,
uksouth,Cold Tier,Standard SSD,LRS,0.0045
uksouth,Cold Tier,Standard SSD,GRS,0.00922
uksouth,Cold Tier,Standard SSD,ZRS,0.005
uksouth,Archive Tier,Premium SSD,LRS,
uksouth,Archive Tier,Premium SSD,GRS,
uksouth,Archive Tier,Premium SSD,ZRS,
uksouth,Archive Tier,Standard SSD,LRS,0.0018
uksouth,Archive Tier,Standard SSD,GRS,0.0043
uksouth,Archive Tier,Standard SSD,ZRS,
ukwest,Hot Tier,Premium SSD,LRS,0.188
ukwest,Hot Tier,Premium SSD,GRS,
ukwest,Hot Tier,Premium SSD,ZRS,
ukwest,Hot Tier,Standard SSD,LRS,0.0192
ukwest,Hot Tier,Standard SSD,GRS,0.0384
ukwest,Hot Tier,Standard SSD,ZRS,
ukwest,Cold Tier,Premium SSD,LRS,
ukwest,Cold Tier,Premium SSD,GRS,
ukwest,Cold Tier,Premium SSD,ZRS,
ukwest,Cold Tier,Standard SSD,LRS,0.00472
ukwest,Cold Tier,Standard SSD,GRS,0.00922
ukwest,Cold Tier,Standard SSD,ZRS,
ukwest,Archive Tier,Premium SSD,LRS,
ukwest,Archive Tier,Premium SSD,GRS,
ukwest,Archive Tier,Premium SSD,ZRS,
ukwest,Archive Tier,Standard SSD,LRS,0.0025
ukwest,Archive Tier,Standard SSD,GRS,0.0043
ukwest,Archive Tier,Standard SSD,ZRS,
westcentralus,Hot Tier,Premium SSD,LRS,0.18
westcentralus,Hot Tier,Premium SSD,GRS,
westcentralus,Hot Tier,Premium SSD,ZRS,
westcentralus,Hot Tier,Standard SSD,LRS,0.0184
westcentralus,Hot Tier,Standard SSD,GRS,0.0368
westcentralus,Hot Tier,Standard SSD,ZRS,
westcentralus,Cold Tier,Premium SSD,LRS,
westcentralus,Cold Tier,Premium SSD,GRS,
westcentralus,Cold Tier,Premium SSD,ZRS,
westcentralus,Cold Tier,Standard SSD,LRS,0.00432
westcentralus,Cold Tier,Standard SSD,GRS,0.00792
westcentralus,Cold Tier,Standard SSD,ZRS,
westcentralus,Archive Tier,Premium SSD,LRS,
westcentralus,Archive Tier,Premium SSD,GRS,
westcentralus,Archive Tier,Premium SSD,ZRS,
westcentralus,Archive Tier,Standard SSD,LRS,0.002
westcentralus,Archive Tier,Standard SSD,GRS,0.00299
westcentralus,Archive Tier,Standard SSD,ZRS,
westeurope,Hot Tier,Premium SSD,LRS,0.195
westeurope,Hot Tier,Premium SSD,GRS,
westeurope,Hot Tier,Premium SSD,ZRS,0.259
westeurope,Hot Tier,Standard SSD,LRS,0.0196
westeurope,Hot Tier,Standard SSD,GRS,0.0392
westeurope,Hot Tier,Standard SSD,ZRS,0.024
westeurope,Cold Tier,Premium SSD,LRS,
westeurope,Cold Tier,Premium SSD,GRS,
westeurope,Cold Tier,Premium SSD,ZRS,
westeurope,Cold Tier,Standard SSD,LRS,0.0045
westeurope,Cold Tier,Standard SSD,GRS,0.0081
westeurope,Cold Tier,Standard SSD,ZRS,0.005
westeurope,Archive Tier,Premium SSD,LRS,
westeurope,Archive Tier,Premium SSD,GRS,
westeurope,Archive Tier,Premium SSD,ZRS,
westeurope,Archive Tier,Standard SSD,LRS,0.0018
westeurope,Archive Tier,Standard SSD,GRS,0.00279
westeurope,Archive Tier,Standard SSD,ZRS,
westindia,Hot Tier,Premium SSD,LRS,0.225
westindia,Hot Tier,Premium SSD,GRS,
westindia,Hot Tier,Premium SSD,ZRS,
westindia,Hot Tier,Standard SSD,LRS,0.02
westindia,Hot Tier,Standard SSD,GRS,0.04
westindia,Hot Tier,Standard SSD,ZRS,
westindia,Cold Tier,Premium SSD,LRS,
westindia,Cold Tier,Premium SSD,GRS,
westindia,Cold Tier,Premium SSD,ZRS,
westindia,Cold Tier,Standard SSD,LRS,0.00497
westindia,Cold Tier,Standard SSD,GRS,0.0104
westindia,Cold Tier,Standard SSD,ZRS,
westindia,Archive Tier,Premium SSD,LRS,
westindia,Archive Tier,Premium SSD,GRS,
westindia,Archive Tier,Premium SSD,ZRS,
westindia,Archive Tier,Standard SSD,LRS,
westindia,Archive Tier,Standard SSD,GRS,
westindia,Archive Tier,Standard SSD,ZRS,
westus,Hot Tier,Premium SSD,LRS,0.195
westus,Hot Tier,Premium SSD,GRS,
westus,Hot Tier,Premium SSD,ZRS,
westus,Hot Tier,Standard SSD,LRS,0.0208
westus,Hot Tier,Standard SSD,GRS,0.0458
westus,Hot Tier,Standard SSD,ZRS,
westus,Cold Tier,Premium SSD,LRS,
westus,Cold Tier,Premium SSD,GRS,
westus,Cold Tier,Premium SSD,ZRS,
westus,Cold Tier,Standard SSD,LRS,0.0045
westus,Cold Tier,Standard SSD,GRS,0.0081
westus,Cold Tier,Standard SSD,ZRS,
westus,Archive Tier,Premium SSD,LRS,
westus,Archive Tier,Premium SSD,GRS,
westus,Archive Tier,Premium SSD,ZRS,
westus,Archive Tier,Standard SSD,LRS,0.002
westus,Archive Tier,Standard SSD,GRS,0.00299
westus,Archive Tier,Standard SSD,ZRS,
westus2,Hot Tier,Premium SSD,LRS,0.15
westus2,Hot Tier,Premium SSD,GRS,
westus2,Hot Tier,Premium SSD,ZRS,0.2
westus2,Hot Tier,Standard SSD,LRS,0.0184
westus2,Hot Tier,Standard SSD,GRS,0.0368
westus2,Hot Tier,Standard SSD,ZRS,0.023
westus2,Cold Tier,Premium SSD,LRS,
westus2,Cold Tier,Premium SSD,GRS,
westus2,Cold Tier,Premium SSD,ZRS,
westus2,Cold Tier,Standard SSD,LRS,0.0036
westus2,Cold Tier,Standard SSD,GRS,0.00792
westus2,Cold Tier,Standard SSD,ZRS,0.004
westus2,Archive Tier,Premium SSD,LRS,
westus2,Archive Tier,Premium SSD,GRS,
westus2,Archive Tier,Premium SSD,ZRS,
westus2,Archive Tier,Standard SSD,LRS,0.00099
westus2,Archive Tier,Standard SSD,GRS,0.00299
westus2,Archive Tier,Standard SSD,ZRS,
westus3,Hot Tier,Premium SSD,LRS,0.15
westus3,Hot Tier,Premium SSD,GRS,
westus3,Hot Tier,Premium SSD,ZRS,0.2
westus3,Hot Tier,Standard SSD,LRS,0.0184
westus3,Hot Tier,Standard SSD,GRS,0.0368
westus3,Hot Tier,Standard SSD,ZRS,0.023
westus3,Cold Tier,Premium SSD,LRS,
westus3,Cold Tier,Premium SSD,GRS,
westus3,Cold Tier,Premium SSD,ZRS,
westus3,Cold Tier,Standard SSD,LRS,0.0036
westus3,Cold Tier,Standard SSD,GRS,0.0072
westus3,Cold Tier,Standard SSD,ZRS,0.004
westus3,Archive Tier,Premium SSD,LRS,
westus3,Archive Tier,Premium SSD,GRS,
westus3,Archive Tier,Premium SSD,ZRS,
westus3,Archive Tier,Standard SSD,LRS,0.00099
westus3,Archive Tier,Standard SSD,GRS,0.00299
westus3,Archive Tier,Standard SSD,ZRS,
