Region,Performance,Redundancy,PricePerGB
australiacentral,Standard HDD,LRS,0.064
australiacentral,Standard HDD,ZRS,na
australiacentral,Standard SSD,LRS,0.102
australiacentral,Standard SSD,ZRS,na
australiacentral,Premium SSD,LRS,0.132001953125
australiacentral,Premium SSD,ZRS,na
australiacentral,Ultra Disk,LRS,0.17374
australiacentral,Ultra Disk,ZRS,na
australiacentral2,Standard HDD,LRS,0.064
australiacentral2,Standard HDD,ZRS,na
australiacentral2,Standard SSD,LRS,0.102
australiacentral2,Standard SSD,ZRS,na
australiacentral2,Premium SSD,LRS,0.132001953125
australiacentral2,Premium SSD,ZRS,na
australiacentral2,Ultra Disk,LRS,0.17374
australiacentral2,Ultra Disk,ZRS,na
australiaeast,Standard HDD,LRS,0.064
australiaeast,Standard HDD,ZRS,na
australiaeast,Standard SSD,LRS,0.102
australiaeast,Standard SSD,ZRS,0.153
australiaeast,Premium SSD,LRS,0.132001953125
australiaeast,Premium SSD,ZRS,0.1980029296875
australiaeast,Ultra Disk,LRS,0.17374
australiaeast,Ultra Disk,ZRS,na
australiasoutheast,Standard HDD,LRS,0.064
australiasoutheast,Standard HDD,ZRS,na
australiasoutheast,Standard SSD,LRS,0.102
australiasoutheast,Standard SSD,ZRS,na
australiasoutheast,Premium SSD,LRS,0.132001953125
australiasoutheast,Premium SSD,ZRS,na
australiasoutheast,Ultra Disk,LRS,na
australiasoutheast,Ultra Disk,ZRS,na
austriaeast,Standard HDD,LRS,0.04
austriaeast,Standard HDD,ZRS,na
austriaeast,Standard SSD,LRS,0.075
austriaeast,Standard SSD,ZRS,0.1125
austriaeast,Premium SSD,LRS,0.145178466796875
austriaeast,Premium SSD,ZRS,0.2177677001953125
austriaeast,Ultra Disk,LRS,0.15549
austriaeast,Ultra Disk,ZRS,na
belgiumcentral,Standard HDD,LRS,0.04
belgiumcentral,Standard HDD,ZRS,na
belgiumcentral,Standard SSD,LRS,0.075
belgiumcentral,Standard SSD,ZRS,0.1125
belgiumcentral,Premium SSD,LRS,0.145178466796875
belgiumcentral,Premium SSD,ZRS,0.2177677001953125
belgiumcentral,Ultra Disk,LRS,0.15549
belgiumcentral,Ultra Disk,ZRS,na
brazilsouth,Standard HDD,LRS,0.096
brazilsouth,Standard HDD,ZRS,na
brazilsouth,Standard SSD,LRS,0.14
brazilsouth,Standard SSD,ZRS,0.21
brazilsouth,Premium SSD,LRS,0.227998046875
brazilsouth,Premium SSD,ZRS,0.3419970703125
brazilsouth,Ultra Disk,LRS,0.23944000000000001
brazilsouth,Ultra Disk,ZRS,na
brazilsoutheast,Standard HDD,LRS,0.1248
brazilsoutheast,Standard HDD,ZRS,na
brazilsoutheast,Standard SSD,LRS,0.2106025390625
brazilsoutheast,Standard SSD,ZRS,na
brazilsoutheast,Premium SSD,LRS,0.2963974609375
brazilsoutheast,Premium SSD,ZRS,na
brazilsoutheast,Ultra Disk,LRS,0.11972000000000001
brazilsoutheast,Ultra Disk,ZRS,na
canadacentral,Standard HDD,LRS,0.044
canadacentral,Standard HDD,ZRS,na
canadacentral,Standard SSD,LRS,0.0825
canadacentral,Standard SSD,ZRS,0.12375
canadacentral,Premium SSD,LRS,0.132001953125
canadacentral,Premium SSD,ZRS,0.1980029296875
canadacentral,Ultra Disk,LRS,0.14381
canadacentral,Ultra Disk,ZRS,na
canadaeast,Standard HDD,LRS,0.044
canadaeast,Standard HDD,ZRS,na
canadaeast,Standard SSD,LRS,0.0825
canadaeast,Standard SSD,ZRS,na
canadaeast,Premium SSD,LRS,0.132
canadaeast,Premium SSD,ZRS,na
canadaeast,Ultra Disk,LRS,0.14381
canadaeast,Ultra Disk,ZRS,na
centralindia,Standard HDD,LRS,0.044
centralindia,Standard HDD,ZRS,na
centralindia,Standard SSD,LRS,0.0825
centralindia,Standard SSD,ZRS,0.12375
centralindia,Premium SSD,LRS,0.132001953125
centralindia,Premium SSD,ZRS,0.1980029296875
centralindia,Ultra Disk,LRS,0.1679
centralindia,Ultra Disk,ZRS,na
centralus,Standard HDD,LRS,0.04
centralus,Standard HDD,ZRS,na
centralus,Standard SSD,LRS,0.075
centralus,Standard SSD,ZRS,0.1125
centralus,Premium SSD,LRS,0.132001953125
centralus,Premium SSD,ZRS,0.1980029296875
centralus,Ultra Disk,LRS,0.12556
centralus,Ultra Disk,ZRS,na
chilecentral,Standard HDD,LRS,0.056
chilecentral,Standard HDD,ZRS,na
chilecentral,Standard SSD,LRS,0.105
chilecentral,Standard SSD,ZRS,0.1575
chilecentral,Premium SSD,LRS,0.1684149443359375
chilecentral,Premium SSD,ZRS,0.2526224169921875
chilecentral,Ultra Disk,LRS,na
chilecentral,Ultra Disk,ZRS,na
denmarkeast,Standard HDD,LRS,0.04
denmarkeast,Standard HDD,ZRS,na
denmarkeast,Standard SSD,LRS,0.075
denmarkeast,Standard SSD,ZRS,0.1125
denmarkeast,Premium SSD,LRS,0.145178466796875
denmarkeast,Premium SSD,ZRS,0.2177677001953125
denmarkeast,Ultra Disk,LRS,0.15549
denmarkeast,Ultra Disk,ZRS,na
eastasia,Standard HDD,LRS,0.04
eastasia,Standard HDD,ZRS,na
eastasia,Standard SSD,LRS,0.075
eastasia,Standard SSD,ZRS,0.1125
eastasia,Premium SSD,LRS,0.1451953125
eastasia,Premium SSD,ZRS,0.21779296875
eastasia,Ultra Disk,LRS,0.18542
eastasia,Ultra Disk,ZRS,na
eastus,Standard HDD,LRS,0.04
eastus,Standard HDD,ZRS,na
eastus,Standard SSD,LRS,0.075
eastus,Standard SSD,ZRS,0.1125
eastus,Premium SSD,LRS,0.132001953125
eastus,Premium SSD,ZRS,0.197978515625
eastus,Ultra Disk,LRS,0.11972000000000001
eastus,Ultra Disk,ZRS,na
eastus2,Standard HDD,LRS,0.04
eastus2,Standard HDD,ZRS,na
eastus2,Standard SSD,LRS,0.075
eastus2,Standard SSD,ZRS,0.1125
eastus2,Premium SSD,LRS,0.12
eastus2,Premium SSD,ZRS,0.18
eastus2,Ultra Disk,LRS,0.11972000000000001
eastus2,Ultra Disk,ZRS,na
francecentral,Standard HDD,LRS,0.044
francecentral,Standard HDD,ZRS,na
francecentral,Standard SSD,LRS,0.0825
francecentral,Standard SSD,ZRS,0.12375
francecentral,Premium SSD,LRS,0.15971484375
francecentral,Premium SSD,ZRS,0.239541015625
francecentral,Ultra Disk,LRS,0.14965
francecentral,Ultra Disk,ZRS,na
francesouth,Standard HDD,LRS,0.0572
francesouth,Standard HDD,ZRS,na
francesouth,Standard SSD,LRS,0.10725
francesouth,Standard SSD,ZRS,na
francesouth,Premium SSD,LRS,0.207629296875
francesouth,Premium SSD,ZRS,na
francesouth,Ultra Disk,LRS,na
francesouth,Ultra Disk,ZRS,na
germanynorth,Standard HDD,LRS,0.052
germanynorth,Standard HDD,ZRS,na
germanynorth,Standard SSD,LRS,0.0975
germanynorth,Standard SSD,ZRS,na
germanynorth,Premium SSD,LRS,0.18875
germanynorth,Premium SSD,ZRS,na
germanynorth,Ultra Disk,LRS,0.20221
germanynorth,Ultra Disk,ZRS,na
germanywestcentral,Standard HDD,LRS,0.04
germanywestcentral,Standard HDD,ZRS,na
germanywestcentral,Standard SSD,LRS,0.075
germanywestcentral,Standard SSD,ZRS,0.1125
germanywestcentral,Premium SSD,LRS,0.1451953125
germanywestcentral,Premium SSD,ZRS,0.21779296875
germanywestcentral,Ultra Disk,LRS,0.15549
germanywestcentral,Ultra Disk,ZRS,na
indiasouthcentral,Standard HDD,LRS,0.044
indiasouthcentral,Standard HDD,ZRS,na
indiasouthcentral,Standard SSD,LRS,0.0825
indiasouthcentral,Standard SSD,ZRS,0.12375
indiasouthcentral,Premium SSD,LRS,0.132001953125
indiasouthcentral,Premium SSD,ZRS,0.1980029296875
indiasouthcentral,Ultra Disk,LRS,na
indiasouthcentral,Ultra Disk,ZRS,na
indonesiacentral,Standard HDD,LRS,0.04
indonesiacentral,Standard HDD,ZRS,na
indonesiacentral,Standard SSD,LRS,0.075
indonesiacentral,Standard SSD,ZRS,0.1125
indonesiacentral,Premium SSD,LRS,0.131982421875
indonesiacentral,Premium SSD,ZRS,0.1980029296875
indonesiacentral,Ultra Disk,LRS,0.14016
indonesiacentral,Ultra Disk,ZRS,na
israelcentral,Standard HDD,LRS,0.048
israelcentral,Standard HDD,ZRS,na
israelcentral,Standard SSD,LRS,0.09
israelcentral,Standard SSD,ZRS,0.135
israelcentral,Premium SSD,LRS,0.144
israelcentral,Premium SSD,ZRS,0.216
israelcentral,Ultra Disk,LRS,na
israelcentral,Ultra Disk,ZRS,na
italynorth,Standard HDD,LRS,0.04
italynorth,Standard HDD,ZRS,na
italynorth,Standard SSD,LRS,0.075
italynorth,Standard SSD,ZRS,0.1125
italynorth,Premium SSD,LRS,0.1451953125
italynorth,Premium SSD,ZRS,0.217763671875
italynorth,Ultra Disk,LRS,0.15549
italynorth,Ultra Disk,ZRS,na
japaneast,Standard HDD,LRS,0.04
japaneast,Standard HDD,ZRS,na
japaneast,Standard SSD,LRS,0.075
japaneast,Standard SSD,ZRS,0.1125
japaneast,Premium SSD,LRS,0.151796875
japaneast,Premium SSD,ZRS,0.2276953125
japaneast,Ultra Disk,LRS,0.17374
japaneast,Ultra Disk,ZRS,na
japanwest,Standard HDD,LRS,0.04
japanwest,Standard HDD,ZRS,na
japanwest,Standard SSD,LRS,0.075
japanwest,Standard SSD,ZRS,0.11625
japanwest,Premium SSD,LRS,0.132001953125
japanwest,Premium SSD,ZRS,0.204580078125
japanwest,Ultra Disk,LRS,0.18542
japanwest,Ultra Disk,ZRS,na
koreacentral,Standard HDD,LRS,0.04
koreacentral,Standard HDD,ZRS,na
koreacentral,Standard SSD,LRS,0.075
koreacentral,Standard SSD,ZRS,0.1125
koreacentral,Premium SSD,LRS,0.132001953125
koreacentral,Premium SSD,ZRS,0.1980029296875
koreacentral,Ultra Disk,LRS,0.16133
koreacentral,Ultra Disk,ZRS,na
koreasouth,Standard HDD,LRS,0.04
koreasouth,Standard HDD,ZRS,na
koreasouth,Standard SSD,LRS,0.075
koreasouth,Standard SSD,ZRS,na
koreasouth,Premium SSD,LRS,0.132001953125
koreasouth,Premium SSD,ZRS,na
koreasouth,Ultra Disk,LRS,0.13797
koreasouth,Ultra Disk,ZRS,na
malaysiawest,Standard HDD,LRS,0.04
malaysiawest,Standard HDD,ZRS,na
malaysiawest,Standard SSD,LRS,0.075
malaysiawest,Standard SSD,ZRS,0.1125
malaysiawest,Premium SSD,LRS,0.132001953125
malaysiawest,Premium SSD,ZRS,0.1980029296875
malaysiawest,Ultra Disk,LRS,0.14016
malaysiawest,Ultra Disk,ZRS,na
mexicocentral,Standard HDD,LRS,0.044
mexicocentral,Standard HDD,ZRS,na
mexicocentral,Standard SSD,LRS,0.0825
mexicocentral,Standard SSD,ZRS,0.12375
mexicocentral,Premium SSD,LRS,0.145185296875
mexicocentral,Premium SSD,ZRS,0.2177779453125
mexicocentral,Ultra Disk,LRS,na
mexicocentral,Ultra Disk,ZRS,na
newzealandnorth,Standard HDD,LRS,0.0672
newzealandnorth,Standard HDD,ZRS,na
newzealandnorth,Standard SSD,LRS,0.1071
newzealandnorth,Standard SSD,ZRS,0.16065
newzealandnorth,Premium SSD,LRS,0.132001953125
newzealandnorth,Premium SSD,ZRS,0.207903076171875
newzealandnorth,Ultra Disk,LRS,0.1825
newzealandnorth,Ultra Disk,ZRS,na
northcentralus,Standard HDD,LRS,0.04
northcentralus,Standard HDD,ZRS,na
northcentralus,Standard SSD,LRS,0.075
northcentralus,Standard SSD,ZRS,na
northcentralus,Premium SSD,LRS,0.132001953125
northcentralus,Premium SSD,ZRS,na
northcentralus,Ultra Disk,LRS,0.14381
northcentralus,Ultra Disk,ZRS,na
northeurope,Standard HDD,LRS,0.04
northeurope,Standard HDD,ZRS,na
northeurope,Standard SSD,LRS,0.075
northeurope,Standard SSD,ZRS,0.1125
northeurope,Premium SSD,LRS,0.132001953125
northeurope,Premium SSD,ZRS,0.197978515625
northeurope,Ultra Disk,LRS,0.14307999999999998
northeurope,Ultra Disk,ZRS,na
norwayeast,Standard HDD,LRS,0.044
norwayeast,Standard HDD,ZRS,na
norwayeast,Standard SSD,LRS,0.0825
norwayeast,Standard SSD,ZRS,0.12375
norwayeast,Premium SSD,LRS,0.159716796875
norwayeast,Premium SSD,ZRS,0.2395751953125
norwayeast,Ultra Disk,LRS,na
norwayeast,Ultra Disk,ZRS,na
norwaywest,Standard HDD,LRS,0.0572001953125
norwaywest,Standard HDD,ZRS,na
norwaywest,Standard SSD,LRS,0.10724609375
norwaywest,Standard SSD,ZRS,na
norwaywest,Premium SSD,LRS,0.207626953125
norwaywest,Premium SSD,ZRS,na
norwaywest,Ultra Disk,LRS,0.22265
norwaywest,Ultra Disk,ZRS,na
polandcentral,Standard HDD,LRS,0.04
polandcentral,Standard HDD,ZRS,na
polandcentral,Standard SSD,LRS,0.075
polandcentral,Standard SSD,ZRS,0.1125
polandcentral,Premium SSD,LRS,0.1451953125
polandcentral,Premium SSD,ZRS,0.21779296875
polandcentral,Ultra Disk,LRS,0.15549
polandcentral,Ultra Disk,ZRS,na
qatarcentral,Standard HDD,LRS,0.048
qatarcentral,Standard HDD,ZRS,na
qatarcentral,Standard SSD,LRS,0.09
qatarcentral,Standard SSD,ZRS,0.135
qatarcentral,Premium SSD,LRS,0.144
qatarcentral,Premium SSD,ZRS,0.216
qatarcentral,Ultra Disk,LRS,0.17082
qatarcentral,Ultra Disk,ZRS,na
southafricanorth,Standard HDD,LRS,0.053599609375
southafricanorth,Standard HDD,ZRS,na
southafricanorth,Standard SSD,LRS,0.109501953125
southafricanorth,Standard SSD,ZRS,0.1642529296875
southafricanorth,Premium SSD,LRS,0.16080078125
southafricanorth,Premium SSD,ZRS,0.241201171875
southafricanorth,Ultra Disk,LRS,0.16133
southafricanorth,Ultra Disk,ZRS,na
southafricawest,Standard HDD,LRS,0.0672001953125
southafricawest,Standard HDD,ZRS,na
southafricawest,Standard SSD,LRS,0.12599609375
southafricawest,Standard SSD,ZRS,na
southafricawest,Premium SSD,LRS,0.2016015625
southafricawest,Premium SSD,ZRS,na
southafricawest,Ultra Disk,LRS,0.21753999999999998
southafricawest,Ultra Disk,ZRS,na
southcentralus,Standard HDD,LRS,0.04
southcentralus,Standard HDD,ZRS,na
southcentralus,Standard SSD,LRS,0.075
southcentralus,Standard SSD,ZRS,0.1125
southcentralus,Premium SSD,LRS,0.12
southcentralus,Premium SSD,ZRS,0.18
southcentralus,Ultra Disk,LRS,0.14307999999999998
southcentralus,Ultra Disk,ZRS,na
southeastasia,Standard HDD,LRS,0.04
southeastasia,Standard HDD,ZRS,na
southeastasia,Standard SSD,LRS,0.075
southeastasia,Standard SSD,ZRS,0.1125
southeastasia,Premium SSD,LRS,0.132001953125
southeastasia,Premium SSD,ZRS,0.1980029296875
southeastasia,Ultra Disk,LRS,0.15549
southeastasia,Ultra Disk,ZRS,na
southindia,Standard HDD,LRS,0.04
southindia,Standard HDD,ZRS,na
southindia,Standard SSD,LRS,0.075
southindia,Standard SSD,ZRS,na
southindia,Premium SSD,LRS,0.1188017578125
southindia,Premium SSD,ZRS,na
southindia,Ultra Disk,LRS,0.18104
southindia,Ultra Disk,ZRS,na
spaincentral,Standard HDD,LRS,0.04
spaincentral,Standard HDD,ZRS,na
spaincentral,Standard SSD,LRS,0.075
spaincentral,Standard SSD,ZRS,0.1125
spaincentral,Premium SSD,LRS,0.145178466796875
spaincentral,Premium SSD,ZRS,0.2177677001953125
spaincentral,Ultra Disk,LRS,0.15549
spaincentral,Ultra Disk,ZRS,na
swedencentral,Standard HDD,LRS,0.04
swedencentral,Standard HDD,ZRS,na
swedencentral,Standard SSD,LRS,0.075
swedencentral,Standard SSD,ZRS,0.1125
swedencentral,Premium SSD,LRS,0.1451953125
swedencentral,Premium SSD,ZRS,0.21779296875
swedencentral,Ultra Disk,LRS,0.12556
swedencentral,Ultra Disk,ZRS,na
switzerlandnorth,Standard HDD,LRS,0.044
switzerlandnorth,Standard HDD,ZRS,na
switzerlandnorth,Standard SSD,LRS,0.09
switzerlandnorth,Standard SSD,ZRS,0.135
switzerlandnorth,Premium SSD,LRS,0.15971484375
switzerlandnorth,Premium SSD,ZRS,0.239572265625
switzerlandnorth,Ultra Disk,LRS,0.17155
switzerlandnorth,Ultra Disk,ZRS,na
switzerlandwest,Standard HDD,LRS,0.0572003583984375
switzerlandwest,Standard HDD,ZRS,na
switzerlandwest,Standard SSD,LRS,0.1072517900390625
switzerlandwest,Standard SSD,ZRS,na
switzerlandwest,Premium SSD,LRS,0.20762392578125
switzerlandwest,Premium SSD,ZRS,na
switzerlandwest,Ultra Disk,LRS,0.22265
switzerlandwest,Ultra Disk,ZRS,na
uaecentral,Standard HDD,LRS,0.052
uaecentral,Standard HDD,ZRS,na
uaecentral,Standard SSD,LRS,0.0975
uaecentral,Standard SSD,ZRS,na
uaecentral,Premium SSD,LRS,0.1872
uaecentral,Premium SSD,ZRS,na
uaecentral,Ultra Disk,LRS,0.22265
uaecentral,Ultra Disk,ZRS,na
uaenorth,Standard HDD,LRS,0.048
uaenorth,Standard HDD,ZRS,na
uaenorth,Standard SSD,LRS,0.09
uaenorth,Standard SSD,ZRS,0.135
uaenorth,Premium SSD,LRS,0.144
uaenorth,Premium SSD,ZRS,0.216
uaenorth,Ultra Disk,LRS,0.14892
uaenorth,Ultra Disk,ZRS,na
uksouth,Standard HDD,LRS,0.044
uksouth,Standard HDD,ZRS,na
uksouth,Standard SSD,LRS,0.0825
uksouth,Standard SSD,ZRS,0.12375
uksouth,Premium SSD,LRS,0.15971484375
uksouth,Premium SSD,ZRS,0.239572265625
uksouth,Ultra Disk,LRS,0.14965
uksouth,Ultra Disk,ZRS,na
ukwest,Standard HDD,LRS,0.044
ukwest,Standard HDD,ZRS,na
ukwest,Standard SSD,LRS,0.0825
ukwest,Standard SSD,ZRS,na
ukwest,Premium SSD,LRS,0.15971484375
ukwest,Premium SSD,ZRS,na
ukwest,Ultra Disk,LRS,0.15695
ukwest,Ultra Disk,ZRS,na
westcentralus,Standard HDD,LRS,0.04
westcentralus,Standard HDD,ZRS,na
westcentralus,Standard SSD,LRS,0.075
westcentralus,Standard SSD,ZRS,na
westcentralus,Premium SSD,LRS,0.12
westcentralus,Premium SSD,ZRS,na
westcentralus,Ultra Disk,LRS,na
westcentralus,Ultra Disk,ZRS,na
westeurope,Standard HDD,LRS,0.04
westeurope,Standard HDD,ZRS,na
westeurope,Standard SSD,LRS,0.075
westeurope,Standard SSD,ZRS,0.1125
westeurope,Premium SSD,LRS,0.1451953125
westeurope,Premium SSD,ZRS,0.217763671875
westeurope,Ultra Disk,LRS,0.15549
westeurope,Ultra Disk,ZRS,na
westindia,Standard HDD,LRS,0.044
westindia,Standard HDD,ZRS,na
westindia,Standard SSD,LRS,0.0825
westindia,Standard SSD,ZRS,na
westindia,Premium SSD,LRS,0.132001953125
westindia,Premium SSD,ZRS,na
westindia,Ultra Disk,LRS,na
westindia,Ultra Disk,ZRS,na
westus,Standard HDD,LRS,0.04
westus,Standard HDD,ZRS,na
westus,Standard SSD,LRS,0.075
westus,Standard SSD,ZRS,na
westus,Premium SSD,LRS,0.132001953125
westus,Premium SSD,ZRS,na
westus,Ultra Disk,LRS,0.15549
westus,Ultra Disk,ZRS,na
westus2,Standard HDD,LRS,0.04
westus2,Standard HDD,ZRS,na
westus2,Standard SSD,LRS,0.075
westus2,Standard SSD,ZRS,0.1125
westus2,Premium SSD,LRS,0.12
westus2,Premium SSD,ZRS,0.18
westus2,Ultra Disk,LRS,0.11972000000000001
westus2,Ultra Disk,ZRS,na
westus3,Standard HDD,LRS,0.04
westus3,Standard HDD,ZRS,na
westus3,Standard SSD,LRS,0.075
westus3,Standard SSD,ZRS,0.1125
westus3,Premium SSD,LRS,0.12
westus3,Premium SSD,ZRS,0.18
westus3,Ultra Disk,LRS,0.11972000000000001
westus3,Ultra Disk,ZRS,na
